{
    "Blur": {
        "effect_amount": 34.465999603271484,
        "effect_fade_in": 0.20000000298023224,
        "finger_radius": 0.20000000298023224
    },
    "Brushed": {
        "effect_amount": 10.0,
        "effect_fade_in": 0.20000000298023224,
        "finger_radius": 0.20000000298023224
    },
    "Debug": {
        "effect_amount": 10.0,
        "effect_fade_in": 0.20000000298023224,
        "finger_radius": 0.20000000298023224
    },
    "Pixel": {
        "effect_amount": 10.0,
        "effect_fade_in": 0.20000000298023224,
        "finger_radius": 0.20000000298023224
    },
    "Swirl": {
        "effect_amount": 10.0,
        "effect_fade_in": 0.20000000298023224,
        "finger_radius": 0.20000000298023224
    },
    "Voronoi": {
        "effect_amount": 10.0,
        "effect_fade_in": 0.20000000298023224,
        "finger_radius": 0.20000000298023224
    }
}
