{
    "EffectConfig": {
        "Blur": {
            "effect_amount": 8.861000061035156,
            "effect_fade_in": 0.20000000298023224,
            "finger_radius": 0.578000009059906
        },
        "Brushed": {
            "effect_amount": 10.0,
            "effect_fade_in": 0.20000000298023224,
            "finger_radius": 0.20000000298023224
        },
        "Debug": {
            "effect_amount": 10.0,
            "effect_fade_in": 0.20000000298023224,
            "finger_radius": 0.20000000298023224
        },
        "Pixel": {
            "effect_amount": 10.0,
            "effect_fade_in": 0.20000000298023224,
            "finger_radius": 0.20000000298023224
        },
        "Swirl": {
            "effect_amount": 10.0,
            "effect_fade_in": 0.20000000298023224,
            "finger_radius": 0.20000000298023224
        },
        "Voronoi": {
            "effect_amount": 10.548999786376953,
            "effect_fade_in": 0.04399999976158142,
            "finger_radius": 0.21400000154972076
        },
        "Glitch": {
            "effect_amount": 37.13100051879883,
            "effect_fade_in": 0.04399999976158142,
            "finger_radius": 0.21400000154972076
        }
    },
    "PlayerConfig": {
        "category": 0,
        "playback_duration": 1
    }
}
